{"gradients/conv2.weight":{"values":[2,1,3,3,2,7,8,13,11,14,23,35,32,38,47,68,91,108,153,151,212,300,362,402,582,681,982,1355,1947,3684,2548,1419,864,621,407,311,204,177,113,81,63,56,47,39,25,22,24,16,14,14,7,10,6,6,6,6,4,0,1,1,0,1,1,1],"bins":[-0.005350773688405752,-0.0051719252951443195,-0.004993076901882887,-0.004814228508621454,-0.004635380581021309,-0.004456532187759876,-0.004277683794498444,-0.004098835401237011,-0.003919987007975578,-0.0037411386147141457,-0.003562290221452713,-0.003383442061021924,-0.0032045936677604914,-0.0030257452744990587,-0.0028468971140682697,-0.002668048720806837,-0.0024892003275454044,-0.002310351934283972,-0.002131503541022539,-0.0019526553805917501,-0.0017738069873303175,-0.0015949585940688848,-0.001416110317222774,-0.0012372620403766632,-0.0010584136471152306,-0.0008795653120614588,-0.0007007169770076871,-0.0005218686419539154,-0.0003430203069001436,-0.0001641719718463719,1.4676363207399845e-05,0.00019352469826117158,0.0003723730333149433,0.000551221368368715,0.0007300697034224868,0.0009089180384762585,0.0010877663735300303,0.001266614766791463,0.0014454630436375737,0.0016243113204836845,0.0018031597137451172,0.00198200810700655,0.0021608565002679825,0.0023397046606987715,0.002518553053960204,0.0026974014472216368,0.0028762496076524258,0.0030550980009138584,0.003233946394175291,0.0034127947874367237,0.0035916431806981564,0.0037704913411289454,0.003949339501559734,0.004128187894821167,0.0043070362880826,0.004485884681344032,0.004664733074605465,0.004843581467866898,0.00502242986112833,0.005201278254389763,0.0053801266476511955,0.005558974575251341,0.0057378229685127735,0.005916671361774206,0.006095519755035639],"_type":"histogram"},"gradients/conv1.weight":{"_type":"histogram","values":[1,1,1,1,0,1,0,3,1,3,5,3,1,3,4,2,3,2,4,9,4,5,6,5,7,4,5,7,5,8,11,13,9,7,16,20,8,7,6,14,6,8,4,4,5,5,5,1,4,4,1,7,6,1,0,0,2,3,4,1,0,0,0,2],"bins":[-0.00911909993737936,-0.008875870145857334,-0.008632639423012733,-0.008389409631490707,-0.008146179839968681,-0.00790294911712408,-0.007659719325602055,-0.007416489068418741,-0.007173258811235428,-0.0069300285540521145,-0.006686798296868801,-0.006443568505346775,-0.006200338248163462,-0.005957107990980148,-0.005713878199458122,-0.005470647942274809,-0.0052274176850914955,-0.004984187427908182,-0.004740957170724869,-0.004497727379202843,-0.004254497122019529,-0.004011266864836216,-0.0037680368404835463,-0.0035248068161308765,-0.003281576558947563,-0.00303834630176425,-0.00279511627741158,-0.0025518862530589104,-0.002308655995875597,-0.0020654257386922836,-0.001822195714339614,-0.0015789655735716224,-0.0013357358984649181,-0.0010925057576969266,-0.000849275616928935,-0.0006060454761609435,-0.00036281533539295197,-0.00011958519462496042,0.00012364494614303112,0.00036687508691102266,0.0006101052276790142,0.0008533353684470057,0.0010965655092149973,0.0013397956499829888,0.0015830257907509804,0.001826255931518972,0.0020694860722869635,0.002312716096639633,0.0025559463538229465,0.00279917661100626,0.0030424066353589296,0.0032856366597115993,0.0035288669168949127,0.003772097174078226,0.0040153274312615395,0.0042585572227835655,0.004501787479966879,0.004745017737150192,0.004988247528672218,0.005231477785855532,0.005474708043038845,0.005717938300222158,0.005961168557405472,0.006204398348927498,0.006447628606110811]},"gradients/conv1.bias":{"values":[1,1,0,1,1,0,0,0,0,0,0,0,0,0,0,0,0,0,0,1,0,0,0,0,2,1,1,1,0,0,1,1,1,1,0,0,2,1,0,1,2,0,0,1,1,0,0,1,3,0,1,1,0,1,0,1,0,0,0,1,0,0,0,1],"bins":[-0.00547015992924571,-0.00533502921462059,-0.005199898965656757,-0.005064768251031637,-0.004929637536406517,-0.004794506821781397,-0.004659376572817564,-0.004524245858192444,-0.004389115143567324,-0.004253984894603491,-0.004118854179978371,-0.0039837234653532505,-0.003848592983558774,-0.003713462268933654,-0.0035783317871391773,-0.003443201072514057,-0.0033080705907195807,-0.003172940108925104,-0.003037809394299984,-0.0029026789125055075,-0.0027675481978803873,-0.002632417716085911,-0.0024972870014607906,-0.002362156519666314,-0.0022270260378718376,-0.0020918953232467175,-0.001956764841452241,-0.0018216341268271208,-0.0016865036450326443,-0.001551373046822846,-0.0014162424486130476,-0.0012811118504032493,-0.0011459814850240946,-0.0010108508868142962,-0.0008757202886044979,-0.0007405897486023605,-0.0006054591503925622,-0.0004703285521827638,-0.00033519798307679594,-0.00020006739941891283,-6.493681576102972e-05,7.019376789685339e-05,0.0002053243515547365,0.0003404549206607044,0.0004755855188705027,0.000610716117080301,0.0007458466570824385,0.0008809772552922368,0.0010161078535020351,0.0011512384517118335,0.0012863690499216318,0.0014214996481314301,0.0015566302463412285,0.001691760728135705,0.0018268913263455033,0.0019620219245553017,0.002097152639180422,0.0022322831209748983,0.002367413602769375,0.002502544317394495,0.0026376747991889715,0.0027728055138140917,0.002907935995608568,0.0030430667102336884,0.003178197192028165],"_type":"histogram"},"gradients/fc1.weight":{"bins":[-0.005730005446821451,-0.0055315252393484116,-0.005333044566214085,-0.005134564358741045,-0.004936084151268005,-0.0047376034781336784,-0.004539123270660639,-0.004340643063187599,-0.004142162390053272,-0.003943682182580233,-0.003745201975107193,-0.0035467215348035097,-0.0033482410944998264,-0.003149760887026787,-0.0029512804467231035,-0.002752800239250064,-0.0025543197989463806,-0.0023558393586426973,-0.0021573591511696577,-0.0019588787108659744,-0.001760398386977613,-0.0015619180630892515,-0.0013634376227855682,-0.0011649572988972068,-0.0009664769750088453,-0.0007679966511204839,-0.0005695162690244615,-0.0003710359160322696,-0.00017255556304007769,2.5924789952114224e-05,0.00022440514294430614,0.00042288549593649805,0.0006213653832674026,0.0008198457071557641,0.0010183260310441256,0.0012168064713478088,0.0014152867952361703,0.0016137671191245317,0.001812247559428215,0.0020107277669012547,0.002209208207204938,0.002407688647508621,0.002606168854981661,0.002804649295285344,0.0030031297355890274,0.003201609943062067,0.0034000903833657503,0.00359857059083879,0.0037970510311424732,0.003995531238615513,0.00419401191174984,0.004392492119222879,0.004590972326695919,0.004789452999830246,0.004987933207303286,0.005186413414776325,0.005384894087910652,0.005583374295383692,0.005781854502856731,0.005980334710329771,0.006178815383464098,0.006377295590937138,0.006575775798410177,0.006774256471544504,0.006972736679017544],"_type":"histogram","values":[2,1,2,3,1,4,4,7,15,16,15,34,31,39,43,74,116,168,171,286,426,619,810,1208,1800,3057,5394,11080,341174,20951,5472,2840,1627,1002,718,519,380,282,210,174,111,118,88,59,49,42,24,36,28,21,12,9,11,2,4,6,4,3,3,1,1,0,0,1]},"_timestamp":1.7648883059234428e+09,"_wandb":{"runtime":21},"_runtime":21.49611225,"gradients/fc2.weight":{"values":[1,0,0,0,0,0,0,0,0,0,0,0,0,0,0,0,1,0,2,3,0,5,2,0,1,6,2,4,2,3,4,4,7,7,3,6,6,9,11,13,4,13,59,849,96,31,25,11,17,16,14,10,3,11,5,5,0,1,2,2,2,1,0,1],