{"gradients/conv1.weight":{"bins":[-0.0002936444943770766,-0.00028651978936977684,-0.0002793950552586466,-0.0002722703502513468,-0.0002651456161402166,-0.0002580209111329168,-0.00025089620612561703,-0.00024377148656640202,-0.000236646767007187,-0.000229522047447972,-0.000222397327888757,-0.0002152726228814572,-0.0002081479033222422,-0.0002010231837630272,-0.0001938984787557274,-0.0001867737591965124,-0.0001796490396372974,-0.00017252432007808238,-0.00016539960051886737,-0.0001582748955115676,-0.00015115017595235258,-0.00014402545639313757,-0.0001369007513858378,-0.00012977603182662278,-0.00012265131226740777,-0.00011552659270819277,-0.00010840188042493537,-0.00010127716814167798,-9.415244858246297e-05,-8.702772902324796e-05,-7.990301673999056e-05,-7.277830445673317e-05,-6.565358489751816e-05,-5.8528868976281956e-05,-5.1404153055045754e-05,-4.427943713380955e-05,-3.715472121257335e-05,-3.0030005291337147e-05,-2.2905289370100945e-05,-1.5780573448864743e-05,-8.655857527628541e-06,-1.5311416063923389e-06,5.593574314843863e-06,1.2718290236080065e-05,1.9843006157316267e-05,2.696772207855247e-05,3.409243799978867e-05,4.1217153921024874e-05,4.8341869842261076e-05,5.546658576349728e-05,6.259130168473348e-05,6.971601396799088e-05,7.684073352720588e-05,8.39654530864209e-05,9.109016536967829e-05,9.821487765293568e-05,0.00010533959721215069,0.0001124643167713657,0.0001195890290546231,0.0001267137413378805,0.0001338384608970955,0.0001409631804563105,0.0001480878854636103,0.0001552126050228253,0.0001623373245820403],"_type":"histogram","values":[1,1,0,2,0,1,0,1,2,2,1,4,3,3,2,4,3,1,2,3,2,3,3,4,3,8,8,4,8,10,9,12,6,11,14,7,15,18,16,6,11,9,5,4,7,7,5,5,3,2,1,3,3,1,8,3,0,1,0,1,1,2,2,1]},"train/accuracy":0.9877166666666667,"val/accuracy":0.9901,"_timestamp":1.764888557248022e+09,"_runtime":55,"gradients/fc1.bias":{"bins":[-1.7509801182313822e-05,-1.711256663838867e-05,-1.671533209446352e-05,-1.631809755053837e-05,-1.5920863006613217e-05,-1.5523628462688066e-05,-1.5126394828257617e-05,-1.4729160284332465e-05,-1.4331925740407314e-05,-1.3934691196482163e-05,-1.3537456652557012e-05,-1.314022210863186e-05,-1.2742988474201411e-05,-1.234575393027626e-05,-1.1948519386351109e-05,-1.1551284842425957e-05,-1.1154050298500806e-05,-1.0756815754575655e-05,-1.0359581210650504e-05,-9.962346666725352e-06,-9.565112122800201e-06,-9.167878488369752e-06,-8.7706439444446e-06,-8.37340940051945e-06,-7.976174856594298e-06,-7.578940312669147e-06,-7.181705768743996e-06,-6.784471679566195e-06,-6.387237135641044e-06,-5.990002591715893e-06,-5.5927685025380924e-06,-5.195533958612941e-06,-4.798298505193088e-06,-4.401063961267937e-06,-4.003829417342786e-06,-3.6065953281649854e-06,-3.209360784239834e-06,-2.812126240314683e-06,-2.414891923763207e-06,-2.0176576072117314e-06,-1.6204230632865801e-06,-1.2231886330482666e-06,-8.259542028099531e-07,-4.287197725716396e-07,-3.1485342333326116e-08,3.657490879049874e-07,7.629835181433009e-07,1.1602179483816144e-06,1.557452378619928e-06,1.954686922545079e-06,2.351921239096555e-06,2.7491555556480307e-06,3.146390099573182e-06,3.543624643498333e-06,3.9408587326761335e-06,4.338093276601285e-06,4.735327820526436e-06,5.132562364451587e-06,5.5297969083767384e-06,5.927030997554539e-06,6.32426554147969e-06,6.721500085404841e-06,7.1187341745826416e-06,7.515968718507793e-06,7.913203262432944e-06],"_type":"histogram","values":[1,0,0,0,1,1,0,1,0,0,0,0,0,1,0,2,1,1,2,0,0,1,0,2,4,0,0,0,0,0,2,0,0,4,0,2,1,1,3,1,0,5,2,4,69,1,2,2,0,1,1,0,3,1,1,0,1,0,0,0,0,0,1,2]},"train/loss":0.04012275363735947,"_wandb":{"runtime":55},"epoch":2,"_step":1,"gradients/fc1.weight":{"values":[1,0,0,2,0,0,0,2,0,0,2,1,2,5,3,6,9,13,19,16,32,31,41,52,66,81,88,97,148,163,227,277,330,434,573,790,1088,1533,2285,4630,382073,2952,1291,750,458,281,152,110,85,48,38,35,21,19,13,12,9,2,4,3,1,1,2,1],"bins":[-7.796214777044952e-05,-7.603809353895485e-05,-7.411403203150257e-05,-7.218997780000791e-05,-7.026592356851324e-05,-6.834186206106097e-05,-6.64178078295663e-05,-6.449375359807163e-05,-6.256969936657697e-05,-6.064563785912469e-05,-5.8721583627630025e-05,-5.679752575815655e-05,-5.487346788868308e-05,-5.2949413657188416e-05,-5.102535578771494e-05,-4.910130155622028e-05,-4.7177243686746806e-05,-4.5253185817273334e-05,-4.332913158577867e-05,-4.1405073716305196e-05,-3.948101948481053e-05,-3.755696161533706e-05,-3.563290374586359e-05,-3.370884951436892e-05,-3.178479164489545e-05,-2.986073559441138e-05,-2.7936679543927312e-05,-2.601262167445384e-05,-2.408856562396977e-05,-2.2164509573485702e-05,-2.024045170401223e-05,-1.831639565352816e-05,-1.6392346879001707e-05,-1.4468290828517638e-05,-1.2544233868538868e-05,-1.0620176908560097e-05,-8.696120858076029e-06,-6.772064352844609e-06,-4.848007847613189e-06,-2.92395134238177e-06,-9.998948371503502e-07,9.241616680810694e-07,2.848218173312489e-06,4.7722746785439085e-06,6.696331183775328e-06,8.620387234259397e-06,1.0544444194238167e-05,1.2468501154216938e-05,1.4392557204701006e-05,1.6316613255185075e-05,1.8240669305669144e-05,2.0164727175142616e-05,2.2088783225626685e-05,2.4012839276110753e-05,2.5936897145584226e-05,2.7860953196068294e-05,2.9785009246552363e-05,3.1709067116025835e-05,3.36331213475205e-05,3.555717921699397e-05,3.7481237086467445e-05,3.940529131796211e-05,4.132934918743558e-05,4.325340341893025e-05,4.517746128840372e-05],"_type":"histogram"},"gradients/fc2.bias":{"values":[1,0,0,0,0,0,0,0,0,0,1,0,0,0,0,0,0,0,0,0,0,0,0,0,0,0,0,0,0,0,0,0,0,0,0,2,0,1,0,1,0,0,1,1,1,0,0,0,0,0,0,0,0,0,0,0,0,0,0,0,0,0,0,1],"bins":[-7.373457629000768e-05,-7.165193528635427e-05,-6.956929428270087e-05,-6.748666055500507e-05,-6.540401955135167e-05,-6.332137854769826e-05,-6.123873754404485e-05,-5.915610017837025e-05,-5.707346281269565e-05,-5.4990821809042245e-05,-5.290818080538884e-05,-5.082554343971424e-05,-4.874290243606083e-05,-4.666026507038623e-05,-4.4577624066732824e-05,-4.2494986701058224e-05,-4.041234569740482e-05,-3.832970469375141e-05,-3.624706732807681e-05,-3.41644263244234e-05,-3.20817889587488e-05,-2.9999147955095395e-05,-2.7916508770431392e-05,-2.583386958576739e-05,-2.3751230401103385e-05,-2.166859121643938e-05,-1.9585952031775378e-05,-1.7503312847111374e-05,-1.5420671843457967e-05,-1.3338033568288665e-05,-1.125539347412996e-05,-9.172754289465956e-06,-7.090111466823146e-06,-5.007472282159142e-06,-2.9248326427477878e-06,-8.421932307101088e-07,1.2404461813275702e-06,3.3230855933652492e-06,5.405725005402928e-06,7.488364644814283e-06,9.571003829478286e-06,1.165364301414229e-05,1.3736282198806293e-05,1.5818921383470297e-05,1.7901562387123704e-05,1.9984201571787708e-05,2.206684075645171e-05,2.4149479941115715e-05,2.6232119125779718e-05,2.8314758310443722e-05,3.0397397495107725e-05,3.248003849876113e-05,3.456267586443573e-05,3.664531686808914e-05,3.872795423376374e-05,4.0810595237417147e-05,4.2893232603091747e-05,4.4975873606745154e-05,4.705851461039856e-05,4.914115197607316e-05,5.122379297972657e-05,5.330643034540117e-05,5.5389071349054575e-05,5.7471708714729175e-05,5.955434971838258e-05],"_type":"histogram"},"val/loss":0.03092349193510454,"val/sample_predictions":{"filenames":["media/images/val/sample_predictions_1_8b131f06e54628eeed9c.png","media/images/val/sample_predictions_1_c044d4cc13f94353d64a.png","media/images/val/sample_predictions_1_bf1be3f643ec84ef33a2.png","media/images/val/sample_predictions_1_0b07357538d8a0ccb293.png","media/images/val/sample_predictions_1_7e16692769f43e7a68ef.png","media/images/val/sample_predictions_1_f2168f696bb936e85896.png","media/images/val/sample_predictions_1_7406f85e38ef90aa8b36.png","media/images/val/sample_predictions_1_92fe19ef0bf136ca8aaa.png"],"captions":["Pred: 7 | Label: 7","Pred: 2 | Label: 2","Pred: 1 | Label: 1","Pred: 0 | Label: 0","Pred: 4 | Label: 4","Pred: 1 | Label: 1","Pred: 4 | Label: 4","Pred: 9 | Label: 9"],"_type":"images/separated","width":28,"height":28,"format":"png","count":8},"gradients/fc2.weight":{"_type":"histogram",