{"_runtime":43,"gradients/fc2.weight":{"bins":[-0.09608973562717438,-0.09305920451879501,-0.09002867341041565,-0.08699813485145569,-0.08396760374307632,-0.08093707263469696,-0.077906534075737,-0.07487600296735764,-0.07184547185897827,-0.06881494075059891,-0.06578440964221954,-0.06275387108325958,-0.05972333997488022,-0.056692808866500854,-0.05366227403283119,-0.05063173919916153,-0.047601208090782166,-0.0445706769824028,-0.04154014214873314,-0.03850960731506348,-0.03547907620668411,-0.03244854509830475,-0.029418010264635086,-0.026387477293610573,-0.02335694432258606,-0.020326411351561546,-0.017295878380537033,-0.01426534540951252,-0.011234812438488007,-0.008204279467463493,-0.00517374649643898,-0.002143213525414467,0.0008873119950294495,0.003917844966053963,0.006948377937078476,0.00997891090810299,0.013009443879127502,0.016039976850152016,0.01907050982117653,0.022101042792201042,0.025131575763225555,0.02816210873425007,0.031192641705274582,0.034223176538944244,0.03725370764732361,0.04028423875570297,0.043314773589372635,0.0463453084230423,0.04937583953142166,0.052406370639801025,0.05543690547347069,0.05846744030714035,0.061497971415519714,0.06452850252389908,0.06755903363227844,0.0705895721912384,0.07362010329961777,0.07665063440799713,0.07968117296695709,0.08271170407533646,0.08574223518371582,0.08877276629209518,0.09180329740047455,0.09483383595943451,0.09786436706781387],"_type":"histogram","values":[1,0,1,0,1,1,1,1,3,2,1,2,4,3,1,3,3,5,3,4,2,10,10,7,9,7,6,13,16,15,24,833,77,47,32,16,19,19,18,11,7,11,7,4,4,1,5,2,3,0,1,0,1,0,0,2,0,0,0,0,0,0,0,1]},"epoch":2,"val/sample_predictions":{"count":8,"filenames":["media/images/val/sample_predictions_1_8b131f06e54628eeed9c.png","media/images/val/sample_predictions_1_c044d4cc13f94353d64a.png","media/images/val/sample_predictions_1_bf1be3f643ec84ef33a2.png","media/images/val/sample_predictions_1_0b07357538d8a0ccb293.png","media/images/val/sample_predictions_1_7e16692769f43e7a68ef.png","media/images/val/sample_predictions_1_f2168f696bb936e85896.png","media/images/val/sample_predictions_1_7406f85e38ef90aa8b36.png","media/images/val/sample_predictions_1_92fe19ef0bf136ca8aaa.png"],"captions":["Pred: 7 | Label: 7","Pred: 2 | Label: 2","Pred: 1 | Label: 1","Pred: 0 | Label: 0","Pred: 4 | Label: 4","Pred: 1 | Label: 1","Pred: 4 | Label: 4","Pred: 9 | Label: 9"],"_type":"images/separated","width":28,"height":28,"format":"png"},"train/accuracy":0.9873333333333333,"_wandb":{"runtime":43},"gradients/conv1.weight":{"values":[1,0,0,0,0,0,1,0,0,0,0,0,0,0,1,0,1,1,2,4,4,0,3,3,2,4,12,5,5,8,7,10,12,6,9,13,14,14,12,19,12,13,9,14,4,7,4,9,4,5,2,5,8,4,3,2,2,3,1,0,0,1,0,3],"bins":[-0.021341664716601372,-0.020776472985744476,-0.02021128125488758,-0.019646089524030685,-0.01908089593052864,-0.018515704199671745,-0.01795051246881485,-0.017385320737957954,-0.01682012900710106,-0.016254937276244164,-0.015689745545387268,-0.015124552883207798,-0.014559361152350903,-0.013994169421494007,-0.013428976759314537,-0.012863785028457642,-0.012298593297600746,-0.01173340156674385,-0.011168209835886955,-0.010603017173707485,-0.01003782544285059,-0.009472633711993694,-0.008907441049814224,-0.008342249318957329,-0.007777057588100433,-0.007211865857243538,-0.006646673660725355,-0.006081481464207172,-0.005516289733350277,-0.0049510980024933815,-0.004385905805975199,-0.0038207138422876596,-0.003255520947277546,-0.002690328983590007,-0.0021251370199024677,-0.0015599450562149286,-0.0009947530925273895,-0.0004295611288398504,0.00013563083484768867,0.0007008227985352278,0.0012660147622227669,0.001831206725910306,0.002396398689597845,0.002961590653285384,0.0035267826169729233,0.004091974347829819,0.0046571665443480015,0.005222358740866184,0.00578755047172308,0.006352742202579975,0.006917934399098158,0.007483126595616341,0.008048318326473236,0.008613510057330132,0.009178701788187027,0.009743894450366497,0.010309086181223392,0.010874277912080288,0.011439470574259758,0.012004662305116653,0.012569854035973549,0.013135045766830444,0.01370023749768734,0.01426543015986681,0.014830621890723705],"_type":"histogram"},"gradients/fc1.weight":{"bins":[-0.017492899671196938,-0.016981353983283043,-0.016469806432724,-0.015958260744810104,-0.015446714125573635,-0.014935167506337166,-0.014423620887100697,-0.013912074267864227,-0.013400528579950333,-0.012888981960713863,-0.012377435341477394,-0.011865888722240925,-0.011354342103004456,-0.010842795483767986,-0.010331249795854092,-0.009819703176617622,-0.009308156557381153,-0.008796609938144684,-0.008285063318908215,-0.007773517165333033,-0.007261971011757851,-0.006750424392521381,-0.006238877773284912,-0.00572733161970973,-0.005215785000473261,-0.004704238381236792,-0.00419269222766161,-0.0036811456084251404,-0.0031695992220193148,-0.002658052835613489,-0.00214650621637702,-0.0016349598299711943,-0.0011234134435653687,-0.0006118669989518821,-0.0001003205543383956,0.00041122589027509093,0.0009227723348885775,0.001434318721294403,0.0019458652241155505,0.002457411726936698,0.0029689581133425236,0.003480504499748349,0.003992050886154175,0.004503597505390644,0.005015144124627113,0.005526690278202295,0.006038236897438765,0.0065497830510139465,0.007061329670250416,0.007572876289486885,0.008084422908723354,0.008595968596637249,0.009107515215873718,0.009619061835110188,0.010130608454346657,0.010642155073583126,0.011153701692819595,0.01166524738073349,0.01217679399996996,0.012688340619206429,0.013199887238442898,0.013711433857679367,0.014222979545593262,0.014734526164829731,0.0152460727840662],"_type":"histogram","values":[1,0,0,0,2,0,1,0,0,1,1,2,4,4,6,4,10,8,18,19,37,42,51,84,93,153,221,330,470,797,1337,2474,4989,16469,359695,6584,2928,1574,1010,603,453,268,176,121,93,77,47,40,18,19,16,14,7,7,4,4,6,5,4,0,0,1,4,2]},"val/accuracy":0.9865,"gradients/fc1.bias":{"values":[1,0,1,0,0,0,1,1,1,0,0,3,0,0,1,0,2,2,0,3,2,1,1,3,3,2,6,1,1,0,4,49,3,3,5,2,1,1,3,1,1,2,2,2,0,1,0,2,3,0,1,0,2,0,0,0,1,1,0,0,0,0,0,2],"bins":[-0.0024453625082969666,-0.002366959350183606,-0.0022885561920702457,-0.0022101528011262417,-0.0021317496430128813,-0.002053346484899521,-0.001974943093955517,-0.0018965399358421564,-0.001818136777728796,-0.0017397336196154356,-0.0016613303450867534,-0.0015829270705580711,-0.0015045239124447107,-0.0014261207543313503,-0.001347717479802668,-0.0012693142052739859,-0.0011909110471606255,-0.001112507889047265,-0.0010341046145185828,-0.0009557013981975615,-0.0008772981818765402,-0.0007988949655555189,-0.0007204917492344975,-0.0006420885329134762,-0.0005636853165924549,-0.0004852821002714336,-0.0004068788839504123,-0.00032847566762939095,-0.00025007245130836964,-0.00017166923498734832,-9.3266018666327e-05,-1.4862802345305681e-05,6.354041397571564e-05,0.00014194363029673696,0.00022034684661775827,0.0002987500629387796,0.0003771532792598009,0.00045555649558082223,0.0005339597119018435,0.0006123629282228649,0.0006907661445438862,0.0007691693608649075,0.0008475725771859288,0.0009259757935069501,0.0010043790098279715,0.0010827821679413319,0.001161185442470014,0.0012395887169986963,0.0013179918751120567,0.0013963950332254171,0.0014747983077540994,0.0015532015822827816,0.001631604740396142,0.0017100078985095024,0.0017884111730381846,0.0018668144475668669,0.0019452176056802273,0.0020236207637935877,0.002102023921906948,0.002180427312850952,0.0022588304709643126,0.002337233629077673,0.002415637020021677,0.0024940401781350374,0.002572443336248398],"_type":"histogram"},