{"gradients/fc1.weight":{"values":[1,1,0,0,0,0,0,0,0,0,0,0,1,0,1,0,2,0,1,2,3,3,3,0,2,2,5,12,11,7,4,9,15,20,14,15,33,50,45,74,91,150,202,491,399334,365,168,104,46,48,12,32,11,5,3,2,1,5,0,0,1,0,0,1],"bins":[-1.4515521368180736e-25,-1.4186635396032781e-25,-1.3857749423884826e-25,-1.352886345173687e-25,-1.3199977479588916e-25,-1.287109150744096e-25,-1.2542205535293006e-25,-1.221331956314505e-25,-1.1884433590997096e-25,-1.155554761884914e-25,-1.1226661646701185e-25,-1.089777567455323e-25,-1.0568889702405275e-25,-1.024000373025732e-25,-9.911117758109365e-26,-9.58223178596141e-26,-9.253345813813455e-26,-8.9244598416655e-26,-8.595573869517545e-26,-8.26668789736959e-26,-7.937801925221635e-26,-7.60891595307368e-26,-7.280029980925724e-26,-6.951144008777769e-26,-6.622258036629814e-26,-6.293372064481859e-26,-5.964486092333904e-26,-5.635600120185949e-26,-5.306714148037994e-26,-4.977828175890039e-26,-4.648942203742084e-26,-4.3200562315941287e-26,-3.9911702594461736e-26,-3.6622842872982185e-26,-3.3333983151502634e-26,-3.0045123430023083e-26,-2.675626370854353e-26,-2.3467403987063982e-26,-2.017854426558443e-26,-1.688968454410488e-26,-1.360082482262533e-26,-1.0311965101145778e-26,-7.023105379666227e-27,-3.7342456581866765e-27,-4.453859367071256e-28,2.8434737847724252e-27,6.132333506251976e-27,9.421193227731527e-27,1.2710052949211078e-26,1.599891267069063e-26,1.928777239217018e-26,2.257663211364973e-26,2.586549183512928e-26,2.915435155660883e-26,3.244321127808838e-26,3.5732070999567934e-26,3.9020930721047484e-26,4.2309790442527035e-26,4.5598650164006586e-26,4.8887509885486137e-26,5.217636960696569e-26,5.546522932844524e-26,5.875408904992479e-26,6.204294877140434e-26,6.533180849288389e-26],"_type":"histogram"},"train/loss":0.005344846467355717,"val/loss":0.2470854028102492,"gradients/conv2.weight":{"_type":"histogram","values":[1,0,1,0,2,2,0,0,1,1,1,0,2,0,4,1,3,2,4,4,6,7,5,2,9,15,10,13,18,19,43,39,49,81,95,142,217,370,842,15490,454,166,131,62,24,18,20,8,6,5,3,7,1,5,4,3,4,1,0,2,2,2,2,1],"bins":[-1.2961061093681417e-25,-1.2630853779517217e-25,-1.2300645232757852e-25,-1.1970436685998488e-25,-1.1640229371834287e-25,-1.1310022057670087e-25,-1.0979813510910722e-25,-1.0649604964151358e-25,-1.0319397649987157e-25,-9.989189719525375e-26,-9.658981789063592e-26,-9.32877385860181e-26,-8.998565928140027e-26,-8.668357997678245e-26,-8.338150067216462e-26,-8.00794213675468e-26,-7.677734206292898e-26,-7.347526275831115e-26,-7.017318345369333e-26,-6.68711041490755e-26,-6.356902484445768e-26,-6.026694553983985e-26,-5.696486623522203e-26,-5.36627869306042e-26,-5.0360707625986377e-26,-4.705862832136855e-26,-4.3756549016750727e-26,-4.04544697121329e-26,-3.715239040751508e-26,-3.385031110289725e-26,-3.054823179827943e-26,-2.72461524936616e-26,-2.3944085514995422e-26,-2.0642006210377597e-26,-1.7339926905759772e-26,-1.4037847601141948e-26,-1.0735768296524123e-26,-7.433688991906298e-27,-4.131609687288473e-27,-8.295303826706482e-28,2.4725489219471766e-27,5.7746282265650015e-27,9.076707531182826e-27,1.2378786835800651e-26,1.5680866140418476e-26,1.89829454450363e-26,2.2285024749654126e-26,2.558710405427195e-26,2.8889183358889775e-26,3.21912626635076e-26,3.5493341968125425e-26,3.879542127274325e-26,4.2097500577361075e-26,4.53995798819789e-26,4.8701659186596724e-26,5.200373849121455e-26,5.530581779583237e-26,5.86078971004502e-26,6.190997640506802e-26,6.521205570968585e-26,6.851413501430367e-26,7.18162143189215e-26,7.511829362353932e-26,7.842037292815715e-26,8.172245223277497e-26]},"gradients/fc2.bias":{"bins":[0,2.365223249863541e-28,4.730446499727082e-28,7.095669990331866e-28,9.460892999454164e-28,1.1826116008576462e-27,1.4191339980663733e-27,1.655656298978603e-27,1.892178599890833e-27,2.1287009008030627e-27,2.3652232017152925e-27,2.6017455026275223e-27,2.8382679961327465e-27,3.0747902970449763e-27,3.311312597957206e-27,3.547834898869436e-27,3.784357199781666e-27,4.0208795006938955e-27,4.257401801606125e-27,4.493924102518355e-27,4.730446403430585e-27,4.966968704342815e-27,5.2034910052550445e-27,5.440013306167274e-27,5.676535992265493e-27,5.913058293177723e-27,6.1495805940899526e-27,6.3861028950021824e-27,6.622625195914412e-27,6.859147111640653e-27,7.095669797738872e-27,7.332191713465113e-27,7.568714399563331e-27,7.80523708566155e-27,8.041759001387791e-27,8.27828168748601e-27,8.51480360321225e-27,8.75132628931047e-27,8.98784820503671e-27,9.224370891134929e-27,9.46089280686117e-27,9.697415492959389e-27,9.93393740868563e-27,1.0170460094783848e-26,1.0406982010510089e-26,1.0643504696608308e-26,1.0880026612334549e-26,1.1116549298432767e-26,1.1353071984530986e-26,1.1589593900257227e-26,1.1826116586355446e-26,1.2062638502081687e-26,1.2299161188179905e-26,1.2535683103906146e-26,1.2772205790004365e-26,1.3008727705730606e-26,1.3245250391828824e-26,1.3481773077927043e-26,1.3718294223281306e-26,1.3954816909379525e-26,1.4191339595477744e-26,1.4427862281575962e-26,1.4664383426930226e-26,1.4900906113028444e-26,1.5137428799126663e-26],"_type":"histogram","values":[9,0,0,0,0,0,0,0,0,0,0,0,0,0,0,0,0,0,0,0,0,0,0,0,0,0,0,0,0,0,0,0,0,0,0,0,0,0,0,0,0,0,0,0,0,0,0,0,0,0,0,0,0,0,0,0,0,0,0,0,0,0,0,1]},"epoch":64,"train/accuracy":0.9993833333333333,"gradients/fc1.bias":{"values":[1,1,0,0,0,0,0,0,0,0,0,0,1,0,1,0,1,0,0,0,0,0,1,0,0,0,0,1,0,0,0,2,0,0,0,0,0,0,2,0,0,0,2,0,102,1,0,1,0,0,0,2,0,2,0,0,0,5,0,1,0,0,0,1],"bins":[-1.2868687176498388e-26,-1.2577119101473649e-26,-1.2285551796820887e-26,-1.1993983721796148e-26,-1.1702415646771409e-26,-1.141084757174667e-26,-1.111927949672193e-26,-1.082771219206917e-26,-1.053614411704443e-26,-1.0244576042019691e-26,-9.95300873736693e-27,-9.66144066234219e-27,-9.369872587317451e-27,-9.078304512292712e-27,-8.786736437267973e-27,-8.495169132615212e-27,-8.203601057590473e-27,-7.912032982565733e-27,-7.620465677912972e-27,-7.328897602888233e-27,-7.037329527863494e-27,-6.745761452838755e-27,-6.454193763000004e-27,-6.162626073161254e-27,-5.871057998136515e-27,-5.579489923111776e-27,-5.2879222332730254e-27,-4.996354543434275e-27,-4.704786468409536e-27,-4.413218393384797e-27,-4.1216507035460466e-27,-3.830083013707296e-27,-3.538515323868546e-27,-3.246947634029796e-27,-2.9553795590050567e-27,-2.663811676573312e-27,-2.3722437941415673e-27,-2.0806759117098226e-27,-1.789108029278078e-27,-1.4975401468463331e-27,-1.2059722644145884e-27,-9.144043819828437e-28,-6.22836499551099e-28,-3.312686171193543e-28,-3.97007346876096e-29,2.518671477441351e-28,5.434350301758798e-28,8.350029126076245e-28,1.1265707950393692e-27,1.418138677471114e-27,1.7097065599028586e-27,2.0012744423346033e-27,2.292842324766348e-27,2.5844102071980928e-27,2.8759780896298375e-27,3.167545972061582e-27,3.459113854493327e-27,3.750681544332077e-27,4.042249619356816e-27,4.3338176943815554e-27,4.625385384220306e-27,4.916953074059056e-27,5.208521149083795e-27,5.500089224108534e-27,5.7916569139472845e-27],"_type":"histogram"},"val/sample_predictions":{"captions":["Pred: 7 | Label: 7","Pred: 2 | Label: 2","Pred: 1 | Label: 1","Pred: 0 | Label: 0","Pred: 4 | Label: 4","Pred: 1 | Label: 1","Pred: 4 | Label: 4","Pred: 9 | Label: 9"],"_type":"images/separated","width":28,"height":28,"format":"png","count":8,"filenames":["media/images/val/sample_predictions_63_8b131f06e54628eeed9c.png","media/images/val/sample_predictions_63_c044d4cc13f94353d64a.png","media/images/val/sample_predictions_63_bf1be3f643ec84ef33a2.png","media/images/val/sample_predictions_63_0b07357538d8a0ccb293.png","media/images/val/sample_predictions_63_7e16692769f43e7a68ef.png","media/images/val/sample_predictions_63_f2168f696bb936e85896.png","media/images/val/sample_predictions_63_7406f85e38ef90aa8b36.png","media/images/val/sample_predictions_63_92fe19ef0bf136ca8aaa.png"]},"_wandb":{"runtime":972},"gradients/conv2.bias":{"values":[1,0,0,0,0,0,0,0,0,0,0,0,0,1,0,0,0,0,0,0,0,0,0,0,1,0,0,0,0,1,1,0,2,2,0,2,3,1,4,2,3,2,22,1,3,3,1,1,2,1,0,0,1,2,0,0,0,0,0,0,0,0,0,1],