{"_runtime":25,"val/accuracy":0.9904,"epoch":5,"_step":4,"val/loss":0.032386708142614226,"train/accuracy":0.9952166666666666,"gradients/fc1.bias":{"bins":[-0.0001829121174523607,-0.0001775663549778983,-0.00017222060705535114,-0.00016687484458088875,-0.0001615290966583416,-0.0001561833341838792,-0.0001508375717094168,-0.00014549182378686965,-0.00014014606131240726,-0.0001348003133898601,-0.0001294545509153977,-0.00012410878844093531,-0.00011876304051838815,-0.00011341728531988338,-0.00010807152284542099,-0.00010272576764691621,-9.738001244841143e-05,-9.203425724990666e-05,-8.668850205140188e-05,-8.13427395769395e-05,-7.599698437843472e-05,-7.065122917992994e-05,-6.530547398142517e-05,-5.995971514494158e-05,-5.461395994643681e-05,-4.926820474793203e-05,-4.392244591144845e-05,-3.857669071294367e-05,-3.32309355144389e-05,-2.7885176677955315e-05,-2.253942147945054e-05,-1.719366446195636e-05,-1.184790744446218e-05,-6.502150881715352e-06,-1.1563943189685233e-06,4.189362243778305e-06,9.535118806525134e-06,1.4880875824019313e-05,2.022663102252409e-05,2.5572388040018268e-05,3.091814505751245e-05,3.626390025601722e-05,4.1609659092500806e-05,4.695541429100558e-05,5.230116948951036e-05,5.764692832599394e-05,6.299268716247752e-05,6.83384423609823e-05,7.368419755948707e-05,7.902995275799185e-05,8.437570795649663e-05,8.972147043095902e-05,9.506722562946379e-05,0.00010041298082796857,0.00010575873602647334,0.00011110449122497812,0.0001164502464234829,0.00012179600889794528,0.00012714175682049245,0.00013248751929495484,0.00013783328176941723,0.0001431790296919644,0.00014852479216642678,0.00015387054008897394,0.00015921630256343633],"_type":"histogram","values":[1,0,0,0,1,0,0,1,1,1,2,0,0,0,0,0,1,0,0,0,0,0,1,0,1,2,1,3,0,2,3,3,6,8,60,2,6,2,2,3,1,3,0,0,1,0,1,1,0,0,0,0,1,1,2,1,1,0,0,1,0,0,0,1]},"gradients/conv2.bias":{"values":[2,0,0,0,0,0,0,0,0,0,0,0,0,0,0,0,0,0,0,0,0,1,2,1,1,1,3,0,2,2,4,2,3,3,3,3,11,1,2,1,2,1,3,3,0,0,0,1,1,0,0,0,1,0,0,2,0,0,1,0,0,0,0,1],"bins":[-0.0005272760754451156,-0.0005142893642187119,-0.000501302711199969,-0.0004883159999735653,-0.0004753293178509921,-0.0004623426357284188,-0.00044935595360584557,-0.0004363692714832723,-0.00042338258936069906,-0.0004103959072381258,-0.0003974091960117221,-0.00038442251388914883,-0.0003714358317665756,-0.0003584491496440023,-0.00034546246752142906,-0.0003324757853988558,-0.00031948910327628255,-0.00030650239204987884,-0.0002935157099273056,-0.0002805290278047323,-0.00026754234568215907,-0.0002545556635595858,-0.00024156896688509732,-0.00022858228476252407,-0.00021559558808803558,-0.00020260890596546233,-0.00018962222384288907,-0.00017663554172031581,-0.00016364884504582733,-0.00015066216292325407,-0.00013767548080068082,-0.00012468878412619233,-0.00011170210200361907,-9.87154126050882e-05,-8.572873048251495e-05,-7.274204108398408e-05,-5.9755355323432013e-05,-4.676866956287995e-05,-3.378198016434908e-05,-2.0795294403797016e-05,-7.808608643244952e-06,5.178078026801813e-06,1.816476469684858e-05,3.1151452276390046e-05,4.413813803694211e-05,5.712482379749417e-05,7.011151319602504e-05,8.30981953185983e-05,9.608488471712917e-05,0.00010907157411566004,0.0001220582562382333,0.00013504494563676417,0.00014803162775933743,0.0001610183244338259,0.00017400500655639917,0.00018699168867897242,0.0001999783853534609,0.00021296506747603416,0.00022595174959860742,0.00023893843172118068,0.00025192511384375393,0.00026491182507015765,0.0002778985071927309,0.00029088518931530416,0.0003038718714378774],"_type":"histogram"},"gradients/fc2.weight":{"bins":[-0.012320390902459621,-0.011935531161725521,-0.01155067142099142,-0.01116581168025732,-0.010780951008200645,-0.010396091267466545,-0.010011231526732445,-0.009626371785998344,-0.009241512045264244,-0.008856652304530144,-0.008471791632473469,-0.008086931891739368,-0.007702072151005268,-0.007317212410271168,-0.006932352669537067,-0.00654749246314168,-0.006162632722407579,-0.005777772981673479,-0.005392912775278091,-0.005008053034543991,-0.004623193293809891,-0.004238333087414503,-0.0038534733466804028,-0.0034686136059463024,-0.0030837536323815584,-0.0026988936588168144,-0.002314033918082714,-0.00192917394451797,-0.001544314087368548,-0.0011594542302191257,-0.0007745943148620427,-0.00038973442860879004,-4.8745423555374146e-06,0.0003799853438977152,0.0007648452301509678,0.001149705145508051,0.001534565002657473,0.0019194248598068953,0.0023042848333716393,0.0026891445741057396,0.0030740045476704836,0.0034588645212352276,0.003843724261969328,0.004228584002703428,0.004613444209098816,0.004998303949832916,0.005383163690567017,0.005768023896962404,0.006152883637696505,0.006537743378430605,0.006922603584825993,0.007307463325560093,0.007692323066294193,0.008077182807028294,0.008462042547762394,0.008846903219819069,0.00923176296055317,0.00961662270128727,0.01000148244202137,0.01038634218275547,0.01077120192348957,0.011156062595546246,0.011540922336280346,0.011925782077014446,0.012310641817748547],"_type":"histogram","values":[1,0,0,0,0,0,0,0,1,2,0,0,1,0,3,2,0,0,0,3,1,3,1,1,4,6,9,9,18,16,26,125,933,32,22,18,10,5,6,3,1,1,3,1,3,0,0,0,2,3,0,1,0,0,2,1,0,0,0,0,0,0,0,1]},"gradients/conv1.weight":{"_type":"histogram","values":[1,1,0,1,1,0,3,3,2,1,0,5,5,4,2,2,2,5,14,7,8,13,12,16,21,17,16,16,18,7,9,6,7,7,9,3,6,4,3,2,5,2,4,1,1,2,1,1,2,3,1,0,1,1,1,1,0,0,0,0,0,0,0,2],"bins":[-0.0017665899358689785,-0.0017043058760464191,-0.0016420219326391816,-0.0015797378728166223,-0.001517453812994063,-0.0014551698695868254,-0.001392885809764266,-0.0013306017499417067,-0.0012683176901191473,-0.0012060337467119098,-0.0011437496868893504,-0.001081465627066791,-0.0010191816836595535,-0.0009568976238369942,-0.0008946136222220957,-0.0008323295623995364,-0.0007700455607846379,-0.0007077615591697395,-0.0006454774993471801,-0.0005831934977322817,-0.0005209094379097223,-0.0004586254362948239,-0.00039634143467992544,-0.00033405740396119654,-0.00027177337324246764,-0.00020948934252373874,-0.00014720532635692507,-8.492130291415378e-05,-2.26372794713825e-05,3.964674397138879e-05,0.00010193076741416007,0.00016421478358097374,0.00022649881429970264,0.00028878284501843154,0.00035106687573716044,0.0004133508773520589,0.0004756349080707878,0.0005379189387895167,0.0006002029404044151,0.0006624870002269745,0.0007247710018418729,0.0007870550034567714,0.0008493390632793307,0.0009116230648942292,0.0009739070665091276,0.001036191126331687,0.0010984751861542463,0.0011607591295614839,0.0012230431893840432,0.0012853272492066026,0.00134761119261384,0.0014098952524363995,0.0014721793122589588,0.0015344632556661963,0.0015967473154887557,0.001659031375311315,0.0017213153187185526,0.001783599378541112,0.0018458834383636713,0.0019081674981862307,0.00197045155800879,0.0020327353850007057,0.002095019444823265,0.0021573035046458244,0.002219587564468384]},"train/loss":0.015435952840354488,"_wandb":{"runtime":25},"gradients/fc2.bias":{"values":[1,0,0,0,0,0,0,0,0,0,0,0,0,0,0,0,0,0,0,0,0,1,0,0,0,0,1,0,0,0,1,2,0,0,0,1,0,1,0,1,0,0,0,0,0,0,0,0,0,0,0,0,0,0,0,0,0,0,0,0,0,0,0,1],