{"gradients/conv2.bias":{"_type":"histogram","values":[1,0,0,0,0,0,0,0,0,0,0,0,0,1,1,0,0,1,0,3,1,2,0,5,9,1,7,3,9,5,2,0,2,1,1,0,1,1,0,1,1,0,1,0,1,0,0,0,0,0,1,0,1,0,0,0,0,0,0,0,0,0,0,1],"bins":[-0.009971590712666512,-0.009630641900002956,-0.009289692156016827,-0.008948743343353271,-0.008607794530689716,-0.008266844786703587,-0.007925895974040031,-0.007584947161376476,-0.007243997883051634,-0.006903048604726791,-0.006562099792063236,-0.006221150513738394,-0.005880201235413551,-0.005539252422749996,-0.005198303144425154,-0.004857354331761599,-0.004516405053436756,-0.004175455775111914,-0.0038345069624483585,-0.003493557684123516,-0.0031526086386293173,-0.0028116595931351185,-0.002470710314810276,-0.0021297612693160772,-0.0017888122238218784,-0.0014478631783276796,-0.001106914016418159,-0.0007659649127162993,-0.0004250158090144396,-8.406670531257987e-05,0.00025688239838927984,0.0005978315020911396,0.0009387796744704247,0.0012797287199646235,0.001620677881874144,0.0019616270437836647,0.0023025760892778635,0.0026435251347720623,0.0029844744130969048,0.0033254234585911036,0.0036663725040853024,0.004007321782410145,0.0043482705950737,0.004689219873398542,0.005030169151723385,0.00537111796438694,0.0057120672427117825,0.006053016055375338,0.00639396533370018,0.0067349146120250225,0.007075863424688578,0.00741681270301342,0.007757761515676975,0.008098711259663105,0.00843966007232666,0.008780608884990215,0.00912155769765377,0.0094625074416399,0.009803456254303455,0.01014440506696701,0.01048535481095314,0.010826303623616695,0.01116725243628025,0.01150820218026638,0.011849150992929935]},"gradients/conv1.weight":{"_type":"histogram","values":[1,1,2,0,2,1,1,3,3,6,4,4,1,7,5,7,10,5,11,9,16,17,20,16,16,24,15,13,7,11,6,8,3,4,6,4,3,4,1,2,1,0,1,3,0,0,0,0,0,1,0,1,0,0,0,0,0,0,0,0,0,0,1,1],"bins":[-0.04026905447244644,-0.03855336084961891,-0.03683766722679138,-0.03512197360396385,-0.03340627998113632,-0.03169059008359909,-0.02997489646077156,-0.02825920283794403,-0.0265435092151165,-0.02482781559228897,-0.02311212196946144,-0.02139643020927906,-0.01968073658645153,-0.017965042963624,-0.01624935120344162,-0.01453365758061409,-0.01281796395778656,-0.01110227033495903,-0.009386577643454075,-0.007670884486287832,-0.00595519132912159,-0.004239498171955347,-0.0025238050147891045,-0.0008081118576228619,0.0009075812995433807,0.0026232744567096233,0.004338967613875866,0.0060546607710421085,0.007770353928208351,0.009486047551035881,0.011201740242540836,0.012917432934045792,0.014633126556873322,0.01634882017970085,0.01806451380252838,0.019780205562710762,0.021495899185538292,0.023211592808365822,0.024927284568548203,0.026642978191375732,0.028358671814203262,0.030074365437030792,0.03179005905985832,0.03350575268268585,0.035221442580223083,0.03693713620305061,0.03865282982587814,0.04036852344870567,0.0420842170715332,0.04379991069436073,0.04551560431718826,0.04723129794001579,0.04894699156284332,0.050662681460380554,0.052378375083208084,0.054094068706035614,0.055809762328863144,0.057525455951690674,0.059241149574518204,0.060956843197345734,0.06267253309488297,0.0643882304430008,0.06610392034053802,0.06781961768865585,0.06953530758619308]},"gradients/fc1.bias":{"values":[1,0,0,0,0,0,0,1,0,1,0,0,1,0,0,0,0,0,0,0,1,1,1,0,0,0,2,2,3,1,4,3,4,6,5,62,5,0,1,2,0,3,2,2,1,0,0,1,1,1,2,0,0,0,2,1,3,1,0,0,0,0,0,1],"bins":[-0.0036853940691798925,-0.0035824901424348354,-0.0034795862156897783,-0.0033766822889447212,-0.0032737785950303078,-0.0031708746682852507,-0.0030679707415401936,-0.0029650668147951365,-0.0028621628880500793,-0.0027592589613050222,-0.002656355034559965,-0.002553451107814908,-0.002450547181069851,-0.0023476434871554375,-0.0022447395604103804,-0.0021418356336653233,-0.002038931706920266,-0.001936027780175209,-0.001833123853430152,-0.0017302200431004167,-0.0016273161163553596,-0.0015244121896103024,-0.0014215083792805672,-0.00131860445253551,-0.001215700525790453,-0.0011127965990453959,-0.0010098926723003387,-0.0009069888619706035,-0.0008040849352255464,-0.0007011810084804893,-0.0005982771399430931,-0.0004953732714056969,-0.0003924691118299961,-0.00028956521418876946,-0.0001866613165475428,-8.375741890631616e-05,1.9146478734910488e-05,0.00012205037637613714,0.0002249542740173638,0.00032785817165859044,0.0004307620692998171,0.0005336659960448742,0.0006365698645822704,0.0007394737331196666,0.0008423776598647237,0.0009452815866097808,0.001048185396939516,0.0011510893236845732,0.0012539932504296303,0.0013568971771746874,0.0014598011039197445,0.0015627049142494798,0.0016656088409945369,0.001768512767739594,0.0018714165780693293,0.0019743205048143864,0.0020772244315594435,0.0021801283583045006,0.0022830322850495577,0.002385936211794615,0.0024888399057090282,0.0025917438324540854,0.0026946477591991425,0.0027975516859441996,0.0029004556126892567],"_type":"histogram"},"gradients/conv2.weight":{"bins":[-0.023340271785855293,-0.022493453696370125,-0.021646635606884956,-0.020799819380044937,-0.01995300129055977,-0.0191061832010746,-0.018259365111589432,-0.017412547022104263,-0.016565728932619095,-0.015718912705779076,-0.014872094616293907,-0.014025276526808739,-0.01317845843732357,-0.012331641279160976,-0.011484823189675808,-0.010638006031513214,-0.009791187942028046,-0.008944369852542877,-0.008097552694380283,-0.007250734604895115,-0.006403916981071234,-0.005557099357247353,-0.004710281267762184,-0.003863463643938303,-0.003016646020114422,-0.0021698283962905407,-0.001323010539636016,-0.0004761927993968129,0.00037062494084239006,0.001217442681081593,0.002064260421320796,0.002911078277975321,0.0037578940391540527,0.004604711662977934,0.005451529286801815,0.0062983473762869835,0.007145165000110865,0.007991982623934746,0.008838800713419914,0.009685617871582508,0.010532435961067677,0.011379254050552845,0.012226071208715439,0.013072889298200607,0.013919707387685776,0.01476652454584837,0.015613342635333538,0.016460159793496132,0.0173069778829813,0.01815379597246647,0.019000614061951637,0.019847430288791656,0.020694248378276825,0.021541066467761993,0.022387884557247162,0.02323470264673233,0.0240815207362175,0.024928336963057518,0.025775155052542686,0.026621973142027855,0.027468791231513023,0.028315609320998192,0.02916242554783821,0.03000924363732338,0.030856061726808548],"_type":"histogram","values":[1,1,1,2,1,3,2,4,11,2,7,6,17,11,11,26,37,45,67,83,144,191,367,710,1149,1970,3480,5428,1747,911,520,386,264,179,162,109,84,57,52,30,27,28,18,17,10,15,5,6,4,6,4,4,1,2,0,1,0,1,0,1,3,0,0,1]},"_timestamp":1.7648881920199082e+09,"gradients/conv1.bias":{"values":[1,1,0,0,1,0,0,1,1,1,1,0,0,0,2,0,1,0,1,0,3,1,1,0,3,1,1,0,0,0,0,0,0,3,0,0,0,0,1,1,0,1,1,0,1,0,0,0,0,0,0,0,1,0,0,0,0,0,0,1,0,0,0,1],