{"gradients/fc1.weight":{"_type":"histogram","values":[2,1,4,1,2,4,3,3,8,10,12,8,17,21,35,40,54,55,85,78,112,160,162,244,275,316,433,501,710,973,1271,1741,2646,4243,8720,344873,17102,5633,3123,2060,1440,1006,784,570,443,294,262,185,151,138,104,65,60,43,41,23,11,18,11,9,3,2,3,1],"bins":[-0.0068072485737502575,-0.006617160513997078,-0.006427071988582611,-0.0062369839288294315,-0.006046895869076252,-0.005856807343661785,-0.005666719283908606,-0.005476630758494139,-0.005286542698740959,-0.00509645463898778,-0.004906366113573313,-0.004716278053820133,-0.004526189528405666,-0.004336101468652487,-0.004146013408899307,-0.00395592488348484,-0.003765836823731661,-0.0035757485311478376,-0.0033856602385640144,-0.003195572178810835,-0.0030054838862270117,-0.0028153955936431885,-0.002625307533890009,-0.0024352192413061857,-0.0022451309487223625,-0.0020550426561385393,-0.001864954479970038,-0.0016748663038015366,-0.0014847780112177134,-0.0012946897186338902,-0.0011046015424653888,-0.0009145133080892265,-0.0007244255393743515,-0.0005343373049981892,-0.0003442490706220269,-0.00015416083624586463,3.592739813029766e-05,0.00022601563250645995,0.00041610386688262224,0.0006061921012587845,0.0007962803356349468,0.00098636862821877,0.0011764568043872714,0.0013665449805557728,0.001556633273139596,0.0017467215657234192,0.0019368097418919206,0.002126897918060422,0.002316986210644245,0.0025070745032280684,0.0026971627958118916,0.002887250855565071,0.0030773391481488943,0.0032674274407327175,0.003457515500485897,0.0036476037930697203,0.0038376920856535435,0.004027780145406723,0.00421786867082119,0.004407956730574369,0.004598044790327549,0.004788133315742016,0.004978221375495195,0.005168309900909662,0.005358397960662842]},"_step":1,"val/accuracy":0.9864,"gradients/conv1.bias":{"_type":"histogram","values":[1,0,0,0,0,0,0,0,0,0,0,0,0,0,1,0,0,0,1,1,1,1,2,2,2,0,1,0,3,1,2,1,1,3,0,1,0,0,1,0,1,0,0,1,1,0,0,0,0,0,0,0,0,0,0,0,1,0,0,0,0,0,0,2],"bins":[-0.004758622031658888,-0.004593745339661837,-0.004428868182003498,-0.004263991490006447,-0.004099114798009396,-0.003934237640351057,-0.003769360948354006,-0.003604484023526311,-0.003439607098698616,-0.003274730173870921,-0.0031098532490432262,-0.002944976557046175,-0.00278009963221848,-0.0026152227073907852,-0.002450346015393734,-0.002285469090566039,-0.002120592165738344,-0.0019557152409106493,-0.0017908384324982762,-0.0016259616240859032,-0.0014610846992582083,-0.0012962077744305134,-0.0011313309660181403,-0.0009664540993981063,-0.0008015772327780724,-0.0006367003661580384,-0.0004718234995380044,-0.0003069466329179704,-0.00014206976629793644,2.280710032209754e-05,0.00018768396694213152,0.0003525608335621655,0.0005174377001821995,0.0006823145668022335,0.0008471914334222674,0.0010120682418346405,0.0011769451666623354,0.0013418220914900303,0.0015066988999024034,0.0016715757083147764,0.0018364526331424713,0.002001329557970166,0.002166206482797861,0.0023310831747949123,0.0024959600996226072,0.002660837024450302,0.0028257137164473534,0.0029905906412750483,0.003155467566102743,0.003320344490930438,0.003485221415758133,0.003650098107755184,0.003814975032582879,0.003979851957410574,0.004144728649407625,0.004309605807065964,0.004474482499063015,0.004639359191060066,0.004804236348718405,0.004969113040715456,0.0051339901983737946,0.005298866890370846,0.005463743582367897,0.005628620740026236,0.005793497432023287]},"gradients/fc2.weight":{"values":[1,0,1,0,0,0,0,1,0,0,3,1,1,0,0,0,1,0,0,4,1,0,3,0,1,5,4,3,6,5,6,10,16,9,12,9,12,22,30,790,119,76,29,19,12,6,10,7,6,8,7,3,6,4,2,3,1,1,2,1,0,0,0,1],"bins":[-0.10677092522382736,-0.10407093167304993,-0.10137093812227249,-0.09867094457149506,-0.09597095847129822,-0.09327096492052078,-0.09057097136974335,-0.08787097781896591,-0.08517098426818848,-0.08247099071741104,-0.0797709971666336,-0.07707100361585617,-0.07437101006507874,-0.0716710239648819,-0.06897103041410446,-0.06627103686332703,-0.06357104331254959,-0.060871049761772156,-0.05817105621099472,-0.055471066385507584,-0.05277107283473015,-0.05007107928395271,-0.047371089458465576,-0.04467109590768814,-0.041971102356910706,-0.03927110880613327,-0.036571115255355835,-0.0338711254298687,-0.031171131879091263,-0.028471138328313828,-0.02577114664018154,-0.023071154952049255,-0.02037116140127182,-0.017671167850494385,-0.014971176162362099,-0.012271183542907238,-0.009571190923452377,-0.006871198303997517,-0.004171205684542656,-0.0014712130650877953,0.0012287795543670654,0.003928772173821926,0.006628764793276787,0.009328757412731647,0.012028750032186508,0.014728742651641369,0.01742873527109623,0.020128726959228516,0.02282872051000595,0.025528714060783386,0.028228705748915672,0.03092869743704796,0.033628690987825394,0.03632868453860283,0.039028674364089966,0.0417286679148674,0.044428661465644836,0.04712865501642227,0.04982864856719971,0.052528638392686844,0.05522863194346428,0.057928625494241714,0.06062861531972885,0.06332860887050629,0.06602860242128372],"_type":"histogram"},"val/sample_predictions":{"filenames":["media/images/val/sample_predictions_1_8b131f06e54628eeed9c.png","media/images/val/sample_predictions_1_c044d4cc13f94353d64a.png","media/images/val/sample_predictions_1_bf1be3f643ec84ef33a2.png","media/images/val/sample_predictions_1_0b07357538d8a0ccb293.png","media/images/val/sample_predictions_1_7e16692769f43e7a68ef.png","media/images/val/sample_predictions_1_f2168f696bb936e85896.png","media/images/val/sample_predictions_1_7406f85e38ef90aa8b36.png","media/images/val/sample_predictions_1_92fe19ef0bf136ca8aaa.png"],"captions":["Pred: 7 | Label: 7","Pred: 2 | Label: 2","Pred: 1 | Label: 1","Pred: 0 | Label: 0","Pred: 4 | Label: 4","Pred: 1 | Label: 1","Pred: 4 | Label: 4","Pred: 9 | Label: 9"],"_type":"images/separated","width":28,"height":28,"format":"png","count":8},"epoch":2,"gradients/fc1.bias":{"values":[1,0,0,0,0,0,0,0,0,0,2,0,1,0,0,2,2,2,0,0,1,3,2,0,1,3,4,3,2,1,2,0,4,2,2,4,48,3,3,0,2,3,4,1,2,3,2,3,0,1,1,0,0,1,0,0,3,0,2,0,1,0,0,1],"bins":[-0.001420063665136695,-0.0013806963106617332,-0.0013413289561867714,-0.0013019616017118096,-0.0012625942472368479,-0.0012232268927618861,-0.0011838595382869244,-0.0011444921838119626,-0.0011051248293370008,-0.001065757474862039,-0.0010263901203870773,-0.0009870227659121156,-0.0009476553532294929,-0.0009082879987545311,-0.0008689206442795694,-0.0008295532898046076,-0.0007901859353296459,-0.0007508185808546841,-0.0007114512263797224,-0.0006720838719047606,-0.0006327165174297988,-0.0005933491629548371,-0.0005539818084798753,-0.0005146144540049136,-0.00047524707042612135,-0.0004358797159511596,-0.00039651236147619784,-0.0003571450070012361,-0.00031777762342244387,-0.0002784102689474821,-0.00023904291447252035,-0.0001996755599975586,-0.00016030820552259684,-0.00012094085104763508,-8.15734892967157e-05,-4.220613118377514e-05,-2.838773070834577e-06,3.652858504210599e-05,7.589594315504655e-05,0.00011526330490596592,0.00015463065938092768,0.00019399801385588944,0.0002333653683308512,0.00027273272280581295,0.00031210010638460517,0.0003514674608595669,0.0003908348153345287,0.00043020216980949044,0.0004695695242844522,0.000508936878759414,0.0005483042332343757,0.0005876715877093375,0.0006270389421842992,0.000666406296659261,0.0007057736511342227,0.0007451410056091845,0.0007845084182918072,0.0008238757727667689,0.0008632431272417307,0.0009026104817166924,0.0009419778361916542,0.000981345190666616,0.0010207125451415777,0.0010600798996165395,0.0010994472540915012],"_type":"histogram"},